{
  "新竹市_北區_中央里": [
    24.803201519947613,
    120.96518785566259
  ],
  "新竹市_北區_中山里": [
    24.797422525106303,
    120.95559127955582
  ],
  "新竹市_北區_中興里": [
    24.807999576143537,
    120.96442538558188
  ],
  "新竹市_北區_中雅里": [
    24.803449964256846,
    120.95393965963574
  ],
  "新竹市_北區_仁德里": [
    24.80722628489681,
    120.96455040112724
  ],
  "新竹市_北區_北門里": [
    24.807960076111172,
    120.96497181424516
  ],
  "新竹市_北區_南勢里": [
    24.805047030322843,
    120.95118538691554
  ],
  "新竹市_北區_古賢里": [
    24.829756277641437,
    120.9570841730038
  ],
  "新竹市_北區_台溪里": [
    24.796611855127164,
    120.95973469160514
  ],
  "新竹市_北區_境福里": [
    24.805503077433112,
    120.96947671728273
  ],
  "新竹市_北區_中寮里": [
    24.8408262,
    120.9346446
  ],
  "新竹市_北區_光田里": [
    24.8137066,
    120.9667142
  ],
  "新竹市_北區_光華里": [
    24.8162214,
    120.9702581
  ],
  "新竹市_北區_南寮里": [
    24.8398849,
    120.9403522
  ],
  "新竹市_北區_士林里": [
    24.82260401464879,
    120.96151080635549
  ],
  "新竹市_北區_大同里": [
    24.8068417,
    120.9689586
  ],
  "新竹市_北區_大鵬里": [
    24.8056891,
    120.9464538
  ],
  "新竹市_北區_客雅里": [
    24.789954,
    120.9528494
  ],
  "新竹市_北區_崇禮里": [
    24.8062635,
    120.9614988
  ],
  "新竹市_北區_康樂里": [
    24.8398849,
    120.9403522
  ],
  "新竹市_北區_文雅里": [
    24.8121845,
    120.9637752
  ],
  "新竹市_北區_新民里": [
    24.8068794,
    120.960281
  ],
  "新竹市_北區_新雅里": [
    24.8054085,
    120.9511283
  ],
  "新竹市_北區_曲溪里": [
    24.79514735303139,
    120.95590952847091
  ],
  "新竹市_北區_武陵里": [
    24.8231618,
    120.9706454
  ],
  "新竹市_北區_民富里": [
    24.8068487,
    120.9608609
  ],
  "新竹市_北區_水田里": [
    24.8140749,
    120.9667714
  ],
  "新竹市_北區_海濱里": [
    24.8342538,
    120.9169988
  ],
  "新竹市_北區_港北里": [
    24.8328016,
    120.9195232
  ],
  "新竹市_北區_湳中里": [
    24.8231618,
    120.9706454
  ],
  "新竹市_北區_湳雅里": [
    24.8231618,
    120.9706454
  ],
  "新竹市_北區_潛園里": [
    24.8068794,
    120.960281
  ],
  "新竹市_北區_石坊里": [
    25.0077337,
    121.4973211
  ],
  "新竹市_北區_磐石里": [
    24.8105904,
    120.95755
  ],
  "新竹市_北區_福林里": [
    24.8162208,
    120.9625213
  ],
  "新竹市_北區_育英里": [
    24.7989897,
    120.961269
  ],
  "新竹市_北區_興南里": [
    24.800674076492918,
    120.96218284669186
  ],
  "新竹市_北區_舊港里": [
    24.8443689,
    120.9354366
  ],
  "新竹市_北區_舊社里": [
    24.8277284,
    120.9663987
  ],
  "新竹市_北區_西門里": [
    24.8054786,
    120.9637714
  ],
  "新竹市_北區_西雅里": [
    24.789954,
    120.9528494
  ],
  "新竹市_北區_金竹里": [
    24.8231618,
    120.9706454
  ],
  "新竹市_北區_金華里": [
    24.8184465,
    120.9781736
  ],
  "新竹市_北區_金雅里": [
    24.8277284,
    120.9663987
  ],
  "新竹市_東區_下竹里": [
    24.7795726,
    120.9834118
  ],
  "新竹市_東區_中正里": [
    24.8062913,
    120.9701363
  ],
  "新竹市_東區_仙宮里": [
    24.8039399,
    120.976493
  ],
  "新竹市_東區_仙水里": [
    24.7813784,
    121.0194871
  ],
  "新竹市_東區_光復里": [
    24.8066616,
    120.9929572
  ],
  "新竹市_東區_光明里": [
    24.794699,
    120.9830753
  ],
  "新竹市_東區_公園里": [
    24.8042583,
    120.9770234
  ],
  "新竹市_東區_前溪里": [
    24.8152978,
    120.991882
  ],
  "新竹市_東區_千甲里": [
    24.8121632,
    121.008932
  ],
  "新竹市_東區_南大里": [
    24.7969078,
    120.9727776
  ],
  "新竹市_東區_南市里": [
    24.7512439,
    120.9357265
  ],
  "新竹市_東區_南門里": [
    24.8005363,
    120.9675201
  ],
  "新竹市_東區_埔頂里": [
    24.7920228,
    121.0089851
  ],
  "新竹市_東區_寺前里": [
    24.7969182,
    120.9718815
  ],
  "新竹市_東區_建功里": [
    24.7949541,
    121.0028663
  ],
  "新竹市_東區_復中里": [
    24.8096707,
    120.976336
  ],
  "新竹市_東區_復興里": [
    24.8138258,
    120.9777759
  ],
  "新竹市_東區_文華里": [
    24.8137303,
    120.9759085
  ],
  "新竹市_東區_新莊里": [
    24.8137303,
    120.9759085
  ],
  "新竹市_東區_東勢里": [
    24.8068417,
    120.9689586
  ],
  "新竹市_東區_東園里": [
    24.8042583,
    120.9770234
  ],
  "新竹市_東區_東門里": [
    24.804907,
    120.9686545
  ],
  "新竹市_東區_榮光里": [
    24.8052021,
    120.9734002
  ],
  "新竹市_東區_武功里": [
    24.800875,
    120.994555
  ],
  "新竹市_東區_水源里": [
    24.8121632,
    121.008932
  ],
  "新竹市_東區_科園里": [
    24.8450937,
    121.0082383
  ],
  "新竹市_東區_立功里": [
    24.7981709,
    121.001673
  ],
  "新竹市_東區_竹蓮里": [
    24.7969078,
    120.9727776
  ],
  "新竹市_東區_綠水里": [
    24.8006876,
    120.9794837
  ],
  "新竹市_東區_育賢里": [
    24.8052609,
    120.9721112
  ],
  "新竹市_東區_親仁里": [
    24.8082316,
    120.9693833
  ],
  "新竹市_東區_豐功里": [
    24.8034405,
    120.9959025
  ],
  "新竹市_東區_金山里": [
    24.7780435,
    121.0163196
  ],
  "新竹市_東區_錦華里": [
    24.8112022,
    120.9720705
  ],
  "新竹市_東區_關帝里": [
    24.800857736214088,
    120.96738361013426
  ],
  "新竹市_東區_關新里": [
    24.8121632,
    121.008932
  ],
  "新竹市_東區_關東里": [
    24.8121632,
    121.008932
  ],
  "新竹市_東區_頂竹里": [
    24.79709,
    120.972527
  ],
  "新竹市_東區_龍山里": [
    24.791023,
    121.0148969
  ],
  "新竹市_香山區_中埔里": [
    24.7926065,
    120.946529
  ],
  "新竹市_香山區_中隘里": [
    24.7309215,
    120.9139811
  ],
  "新竹市_香山區_內湖里": [
    24.7468425,
    120.917569
  ],
  "新竹市_香山區_南隘里": [
    24.7254123,
    120.9217677
  ],
  "新竹市_香山區_埔前里": [
    24.797161,
    120.9419298
  ],
  "新竹市_香山區_大庄里": [
    24.7989964,
    120.9157147
  ],
  "新竹市_香山區_朝山里": [
    24.7626805,
    120.9128941
  ],
  "新竹市_香山區_東香里": [
    24.7510715,
    120.9593109
  ],
  "新竹市_香山區_浸水里": [
    24.8040451,
    120.9143102
  ],
  "新竹市_香山區_港南里": [
    24.7435275,
    120.8946388
  ],
  "新竹市_香山區_牛埔里": [
    24.797161,
    120.9419298
  ],
  "新竹市_香山區_美山里": [
    24.7875281,
    120.9274453
  ],
  "新竹市_香山區_茄苳里": [
    24.7512439,
    120.9357265
  ],
  "新竹市_香山區_虎山里": [
    24.8059503,
    120.9368161
  ],
  "新竹市_香山區_虎林里": [
    24.8059503,
    120.9368161
  ],
  "新竹市_香山區_頂埔里": [
    24.7971923,
    120.9551623
  ],
  "新竹市_香山區_頂福里": [
    24.7971454,
    120.9507467
  ],
  "新竹市_香山區_香山里": [
    24.7875281,
    120.9274453
  ],
  "新竹市_香山區_香村里": [
    24.7510715,
    120.9593109
  ],
  "新竹市_香山區_鹽水里": [
    24.7504822,
    120.9051314
  ],
  "新竹縣_五峰鄉_大隘村": [
    24.63181,
    121.0914131
  ],
  "新竹縣_五峰鄉_桃山村": [
    24.5836951,
    121.1111685
  ],
  "新竹縣_五峰鄉_竹林村": [
    24.6296692,
    121.1438547
  ],
  "新竹縣_五峰鄉_花園村": [
    24.6479984,
    121.1519455
  ],
  "新竹縣_北埔鄉_北埔村": [
    24.6725581,
    121.0560788
  ],
  "新竹縣_北埔鄉_南坑村": [
    24.6725581,
    121.0560788
  ],
  "新竹縣_北埔鄉_南埔村": [
    24.6725581,
    121.0560788
  ],
  "新竹縣_北埔鄉_外坪村": [
    24.6518168,
    121.0712611
  ],
  "新竹縣_寶山鄉_大崎村": [
    24.7699699,
    121.0041486
  ],
  "新竹縣_寶山鄉_寶山村": [
    24.7330628,
    121.0262005
  ],
  "新竹縣_寶山鄉_寶斗村": [
    24.728841,
    120.953271
  ],
  "新竹縣_寶山鄉_山湖村": [
    24.7475075,
    121.0382664
  ],
  "新竹縣_寶山鄉_新城村": [
    24.7294073,
    120.9655064
  ],
  "新竹縣_寶山鄉_油田村": [
    24.7235267,
    121.0090654
  ],
  "新竹縣_寶山鄉_雙新村": [
    24.7603498,
    120.9793667
  ],
  "新竹縣_寶山鄉_雙溪村": [
    24.7652076,
    120.9911155
  ],
  "新竹縣_尖石鄉_嘉樂村": [
    24.7280815,
    121.226793
  ],
  "新竹縣_尖石鄉_新樂村": [
    24.7280815,
    121.226793
  ],
  "新竹縣_尖石鄉_玉峰村": [
    24.6599687,
    121.3010721
  ],
  "新竹縣_尖石鄉_秀巒村": [
    24.6660716,
    121.2952142
  ],
  "新竹縣_尖石鄉_義興村": [
    24.6985586,
    121.1913617
  ],
  "新竹縣_尖石鄉_錦屏村": [
    24.6928679,
    121.2200693
  ],
  "新竹縣_峨眉鄉_峨眉村": [
    24.6890373,
    121.0214246
  ],
  "新竹縣_峨眉鄉_石井村": [
    24.6980171,
    121.0011532
  ],
  "新竹縣_新埔鎮_下寮里": [
    24.8119802,
    121.0267691
  ],
  "新竹縣_新埔鎮_北平里": [
    24.8525054,
    121.0862767
  ],
  "新竹縣_新埔鎮_南平里": [
    24.850011464354075,
    121.07424244364408
  ],
  "新竹縣_新埔鎮_巨埔里": [
    24.831574,
    121.0998418
  ],
  "新竹縣_新埔鎮_文山里": [
    24.8304541,
    121.0360435
  ],
  "新竹縣_新埔鎮_新北里": [
    24.850137063580746,
    121.14627868418242
  ],
  "新竹縣_新埔鎮_新埔里": [
    24.8287881,
    121.0834349
  ],
  "新竹縣_新埔鎮_新民里": [
    24.8287639,
    121.0731492
  ],
  "新竹縣_新埔鎮_新生里": [
    24.8287881,
    121.0834349
  ],
  "新竹縣_新埔鎮_照門里": [
    24.8465458,
    121.1156194
  ],
  "新竹縣_新埔鎮_田新里": [
    24.8260892,
    121.0735476
  ],
  "新竹縣_新埔鎮_鹿鳴里": [
    24.8501413,
    121.1358653
  ],
  "新竹縣_新豐鄉_上坑村": [
    24.8909902,
    120.9749673
  ],